TableName,Name
covid-misinfo-videos,youtube_link
covid-misinfo-videos,video_title
covid-misinfo-videos,video_description
covid-misinfo-videos,view_count
covid-misinfo-videos,channel_id
covid-misinfo-videos,subscriber_count
covid-misinfo-videos,removal_timestamp
covid-misinfo-videos,published_timestamp
covid-misinfo-videos,archive_url
covid-misinfo-videos,facebook_graph_reactions
covid-misinfo-videos,facebook_graph_comments
covid-misinfo-videos,facebook_graph_shares
covid-misinfo-videos,twitter_post_ids
covid-misinfo-videos,facebook_post_ids
